Workbook

Sheet Overview
D5: General funnel
D6: Event order | E6: Event | F6: Event count | G6: Prec. drop
D7: 1 | E7: Page view | F7: 269792 | G7: =SUM(F7:$F$12)/SUM($F$7:$F$12) -> 1
D8: 2 | E8: View Item | F8: 61252 | G8: =SUM(F8:$F$12)/SUM($F$7:$F$12) -> 0.25774058
D9: 3 | E9: Add to cart | F9: 12545 | G9: =SUM(F9:$F$12)/SUM($F$7:$F$12) -> 0.089222338
D10: 4 | E10: Begin checkout | F10: 9715 | G10: =SUM(F10:$F$12)/SUM($F$7:$F$12) -> 0.054708177
D11: 5 | E11: Add payment info | F11: 5751 | G11: =SUM(F11:$F$12)/SUM($F$7:$F$12) -> 0.027979993
D12: 6 | E12: Purchase | F12: 4419 | G12: =SUM(F12:$F$12)/SUM($F$7:$F$12) -> 0.012157678
D16: Funnels by top preforming countries
D17: =Tables!F3 -> event_order | E17: =Tables!G3 -> event_name | F17: =Tables!H3 -> Canada events | G17: =Tables!I3 -> India events | H17: =Tables!J3 -> United State events | I17: =Tables!K3 -> Full_perc | J17: =Tables!L3 -> Canada_perc_drop | K17: =Tables!M3 -> India_perc_drop | L17: =Tables!N3 -> United_States_perc_drop
D18: =Tables!F4 -> 1 | E18: =Tables!G4 -> page_view | F18: =Tables!H4 -> 20242 | G18: =Tables!I4 -> 25331 | H18: =Tables!J4 -> 118333 | I18: =Tables!K4 -> 1 | J18: =Tables!L4 -> 1 | K18: =Tables!M4 -> 1 | L18: =Tables!N4 -> 1
D19: =Tables!F5 -> 2 | E19: =Tables!G5 -> view_item | F19: =Tables!H5 -> 4653 | G19: =Tables!I5 -> 4653 | H19: =Tables!J5 -> 26953 | I19: =Tables!K5 -> 1 | J19: =Tables!L5 -> 0.26317705 | K19: =Tables!M5 -> 0.23132245 | L19: =Tables!N5 -> 0.25882987
D20: =Tables!F6 -> 3 | E20: =Tables!G6 -> add_to_cart | F20: =Tables!H6 -> 993 | G20: =Tables!I6 -> 1162 | H20: =Tables!J6 -> 5603 | I20: =Tables!K6 -> 1 | J20: =Tables!L6 -> 0.093804601 | K20: =Tables!M6 -> 0.09012563 | L20: =Tables!N6 -> 0.090011713
D21: =Tables!F7 -> 4 | E21: =Tables!G7 -> begin_checkout | F21: =Tables!H7 -> 764 | G21: =Tables!I7 -> 878 | H21: =Tables!J7 -> 4310 | I21: =Tables!K7 -> 1 | J21: =Tables!L7 -> 0.057658707 | K21: =Tables!M7 -> 0.054864356 | L21: =Tables!N7 -> 0.05491773
D22: =Tables!F8 -> 5 | E22: =Tables!G8 -> add_payment_info | F22: =Tables!H8 -> 465 | G22: =Tables!I8 -> 524 | H22: =Tables!J8 -> 2516 | I22: =Tables!K8 -> 1 | J22: =Tables!L8 -> 0.029848573 | K22: =Tables!M8 -> 0.028221157 | L22: =Tables!N8 -> 0.027922359
D23: =Tables!F9 -> 6 | E23: =Tables!G9 -> purchase | F23: =Tables!H9 -> 355 | G23: =Tables!I9 -> 406 | H23: =Tables!J9 -> 1942 | I23: =Tables!K9 -> 1 | J23: =Tables!L9 -> 0.012922248 | K23: =Tables!M9 -> 0.012320204 | L23: =Tables!N9 -> 0.012163576

Sheet Tables
B3: country | C3: event_name | D3: user_count | F3: event_order | G3: event_name | H3: Canada events | I3: India events | J3: United State events | K3: Full_perc | L3: Canada_perc_drop | M3: India_perc_drop | N3: United_States_perc_drop
B4: Canada | C4: add_payment_info | D4: 465 | F4: 1 | G4: page_view | H4: 20242 | I4: 25331 | J4: 118333 | K4: 1 | L4: =SUM(H4:$H$9) / SUM($H$4:$H$9) -> 1 | M4: =SUM(I4:$I$9)/SUM($I$4:$I$9) -> 1 | N4: =SUM(J4:$J$9)/ SUM($J$4:$J$9) -> 1
B5: Canada | C5: add_to_cart | D5: 993 | F5: 2 | G5: view_item | H5: 4653 | I5: 4653 | J5: 26953 | K5: 1 | L5: =SUM(H5:$H$9) / SUM($H$4:$H$9) -> 0.26317705 | M5: =SUM(I5:$I$9)/SUM($I$4:$I$9) -> 0.23132245 | N5: =SUM(J5:$J$9)/ SUM($J$4:$J$9) -> 0.25882987
B6: Canada | C6: begin_checkout | D6: 764 | F6: 3 | G6: add_to_cart | H6: 993 | I6: 1162 | J6: 5603 | K6: 1 | L6: =SUM(H6:$H$9) / SUM($H$4:$H$9) -> 0.093804601 | M6: =SUM(I6:$I$9)/SUM($I$4:$I$9) -> 0.09012563 | N6: =SUM(J6:$J$9)/ SUM($J$4:$J$9) -> 0.090011713
B7: Canada | C7: page_view | D7: 20242 | F7: 4 | G7: begin_checkout | H7: 764 | I7: 878 | J7: 4310 | K7: 1 | L7: =SUM(H7:$H$9) / SUM($H$4:$H$9) -> 0.057658707 | M7: =SUM(I7:$I$9)/SUM($I$4:$I$9) -> 0.054864356 | N7: =SUM(J7:$J$9)/ SUM($J$4:$J$9) -> 0.05491773
B8: Canada | C8: purchase | D8: 355 | F8: 5 | G8: add_payment_info | H8: 465 | I8: 524 | J8: 2516 | K8: 1 | L8: =SUM(H8:$H$9) / SUM($H$4:$H$9) -> 0.029848573 | M8: =SUM(I8:$I$9)/SUM($I$4:$I$9) -> 0.028221157 | N8: =SUM(J8:$J$9)/ SUM($J$4:$J$9) -> 0.027922359
B9: Canada | C9: view_item | D9: 4653 | F9: 6 | G9: purchase | H9: 355 | I9: 406 | J9: 1942 | K9: 1 | L9: =SUM(H9:$H$9) / SUM($H$4:$H$9) -> 0.012922248 | M9: =SUM(I9:$I$9)/SUM($I$4:$I$9) -> 0.012320204 | N9: =SUM(J9:$J$9)/ SUM($J$4:$J$9) -> 0.012163576
B10: India | C10: add_payment_info | D10: 524
B11: India | C11: add_to_cart | D11: 1162
B12: India | C12: begin_checkout | D12: 878
B13: India | C13: page_view | D13: 25331
B14: India | C14: purchase | D14: 406
B15: India | C15: view_item | D15: 5795
B16: United States | C16: add_payment_info | D16: 2516
B17: United States | C17: add_to_cart | D17: 5603
B18: United States | C18: begin_checkout | D18: 4310
B19: United States | C19: page_view | D19: 118333
B20: United States | C20: purchase | D20: 1942
B21: United States | C21: view_item | D21: 26953
B24: Event | C24: event_count | D24: Prec_drop
B25: page_view | C25: 269792 | D25: =SUM(C25:$C$30)/SUM($C$25:$C$30) -> 1
B26: view_item | C26: 61252 | D26: =SUM(C26:$C$30)/SUM($C$25:$C$30) -> 0.25774058
B27: add_to_cart | C27: 12545 | D27: =SUM(C27:$C$30)/SUM($C$25:$C$30) -> 0.089222338
B28: begin_checkout | C28: 9715 | D28: =SUM(C28:$C$30)/SUM($C$25:$C$30) -> 0.054708177
B29: add_payment_info | C29: 5751 | D29: =SUM(C29:$C$30)/SUM($C$25:$C$30) -> 0.027979993
B30: purchase | C30: 4419 | D30: =SUM(C30:$C$30)/SUM($C$25:$C$30) -> 0.012157678
